STRUCTURE,STRUCTURE_ID,STRUCTURE_NAME,ACTION,REF_AREA,Reference area,MEASURE,Measure,UNIT_MEASURE,Unit of measure,PAY_PERIOD,Pay period,PRICE_BASE,Price base,AGGREGATION_OPERATION,Aggregation operation,SEX,Sex,TIME_PERIOD,Time period,OBS_VALUE,Observation value,BASE_PER,Base period,OBS_STATUS,Observation status,UNIT_MULT,Unit multiplier,DECIMALS,Decimals
DATAFLOW,OECD.ELS.SAE:DSD_EARNINGS@AV_AN_WAGE(1.0),Average annual wages,I,AUS,Australia,WG,Wages,USD_PPP,"US dollars, PPP converted",A,Annual,Q,Constant prices,MEAN,Mean,_Z,Not applicable,2024,,71238.235,,2025,,A,Normal value,0,Units,0,Zero
DATAFLOW,OECD.ELS.SAE:DSD_EARNINGS@AV_AN_WAGE(1.0),Average annual wages,I,AUS,Australia,WG,Wages,USD_PPP,"US dollars, PPP converted",A,Annual,Q,Constant prices,MEAN,Mean,_Z,Not applicable,2025,,72018.439,,2025,,A,Normal value,0,Units,0,Zero
DATAFLOW,OECD.ELS.SAE:DSD_EARNINGS@AV_AN_WAGE(1.0),Average annual wages,I,AUT,Austria,WG,Wages,USD_PPP,"US dollars, PPP converted",A,Annual,Q,Constant prices,MEAN,Mean,_Z,Not applicable,2024,,77703.016,,2025,,A,Normal value,0,Units,0,Zero
DATAFLOW,OECD.ELS.SAE:DSD_EARNINGS@AV_AN_WAGE(1.0),Average annual wages,I,AUT,Austria,WG,Wages,USD_PPP,"US dollars, PPP converted",A,Annual,Q,Constant prices,MEAN,Mean,_Z,Not applicable,2025,,78301.337,,2025,,A,Normal value,0,Units,0,Zero
DATAFLOW,OECD.ELS.SAE:DSD_EARNINGS@AV_AN_WAGE(1.0),Average annual wages,I,BEL,Belgium,WG,Wages,USD_PPP,"US dollars, PPP converted",A,Annual,Q,Constant prices,MEAN,Mean,_Z,Not applicable,2024,,78614.158,,2025,,A,Normal value,0,Units,0,Zero
DATAFLOW,OECD.ELS.SAE:DSD_EARNINGS@AV_AN_WAGE(1.0),Average annual wages,I,BEL,Belgium,WG,Wages,USD_PPP,"US dollars, PPP converted",A,Annual,Q,Constant prices,MEAN,Mean,_Z,Not applicable,2025,,80008.652,,2025,,A,Normal value,0,Units,0,Zero
DATAFLOW,OECD.ELS.SAE:DSD_EARNINGS@AV_AN_WAGE(1.0),Average annual wages,I,CAN,Canada,WG,Wages,USD_PPP,"US dollars, PPP converted",A,Annual,Q,Constant prices,MEAN,Mean,_Z,Not applicable,2024,,67767.556,,2025,,A,Normal value,0,Units,0,Zero
DATAFLOW,OECD.ELS.SAE:DSD_EARNINGS@AV_AN_WAGE(1.0),Average annual wages,I,CAN,Canada,WG,Wages,USD_PPP,"US dollars, PPP converted",A,Annual,Q,Constant prices,MEAN,Mean,_Z,Not applicable,2025,,67900.601,,2025,,A,Normal value,0,Units,0,Zero
DATAFLOW,OECD.ELS.SAE:DSD_EARNINGS@AV_AN_WAGE(1.0),Average annual wages,I,COL,Colombia,WG,Wages,USD_PPP,"US dollars, PPP converted",A,Annual,Q,Constant prices,MEAN,Mean,_Z,Not applicable,2024,,30133.361,,2025,,A,Normal value,0,Units,0,Zero
DATAFLOW,OECD.ELS.SAE:DSD_EARNINGS@AV_AN_WAGE(1.0),Average annual wages,I,CRI,Costa Rica,WG,Wages,USD_PPP,"US dollars, PPP converted",A,Annual,Q,Constant prices,MEAN,Mean,_Z,Not applicable,2024,,44430.678,,2025,,A,Normal value,0,Units,0,Zero
DATAFLOW,OECD.ELS.SAE:DSD_EARNINGS@AV_AN_WAGE(1.0),Average annual wages,I,CZE,Czechia,WG,Wages,USD_PPP,"US dollars, PPP converted",A,Annual,Q,Constant prices,MEAN,Mean,_Z,Not applicable,2024,,41953.664,,2025,,A,Normal value,0,Units,0,Zero
DATAFLOW,OECD.ELS.SAE:DSD_EARNINGS@AV_AN_WAGE(1.0),Average annual wages,I,CZE,Czechia,WG,Wages,USD_PPP,"US dollars, PPP converted",A,Annual,Q,Constant prices,MEAN,Mean,_Z,Not applicable,2025,,43607.144,,2025,,A,Normal value,0,Units,0,Zero
DATAFLOW,OECD.ELS.SAE:DSD_EARNINGS@AV_AN_WAGE(1.0),Average annual wages,I,DNK,Denmark,WG,Wages,USD_PPP,"US dollars, PPP converted",A,Annual,Q,Constant prices,MEAN,Mean,_Z,Not applicable,2024,,77882.527,,2025,,A,Normal value,0,Units,0,Zero
DATAFLOW,OECD.ELS.SAE:DSD_EARNINGS@AV_AN_WAGE(1.0),Average annual wages,I,DNK,Denmark,WG,Wages,USD_PPP,"US dollars, PPP converted",A,Annual,Q,Constant prices,MEAN,Mean,_Z,Not applicable,2025,,78090.445,,2025,,A,Normal value,0,Units,0,Zero
DATAFLOW,OECD.ELS.SAE:DSD_EARNINGS@AV_AN_WAGE(1.0),Average annual wages,I,EST,Estonia,WG,Wages,USD_PPP,"US dollars, PPP converted",A,Annual,Q,Constant prices,MEAN,Mean,_Z,Not applicable,2024,,40458.375,,2025,,A,Normal value,0,Units,0,Zero
DATAFLOW,OECD.ELS.SAE:DSD_EARNINGS@AV_AN_WAGE(1.0),Average annual wages,I,EST,Estonia,WG,Wages,USD_PPP,"US dollars, PPP converted",A,Annual,Q,Constant prices,MEAN,Mean,_Z,Not applicable,2025,,41019.039,,2025,,A,Normal value,0,Units,0,Zero
DATAFLOW,OECD.ELS.SAE:DSD_EARNINGS@AV_AN_WAGE(1.0),Average annual wages,I,FIN,Finland,WG,Wages,USD_PPP,"US dollars, PPP converted",A,Annual,Q,Constant prices,MEAN,Mean,_Z,Not applicable,2024,,62393.061,,2025,,A,Normal value,0,Units,0,Zero
DATAFLOW,OECD.ELS.SAE:DSD_EARNINGS@AV_AN_WAGE(1.0),Average annual wages,I,FIN,Finland,WG,Wages,USD_PPP,"US dollars, PPP converted",A,Annual,Q,Constant prices,MEAN,Mean,_Z,Not applicable,2025,,63053.422,,2025,,A,Normal value,0,Units,0,Zero
DATAFLOW,OECD.ELS.SAE:DSD_EARNINGS@AV_AN_WAGE(1.0),Average annual wages,I,FRA,France,WG,Wages,USD_PPP,"US dollars, PPP converted",A,Annual,Q,Constant prices,MEAN,Mean,_Z,Not applicable,2024,,59864.791,,2025,,A,Normal value,0,Units,0,Zero
DATAFLOW,OECD.ELS.SAE:DSD_EARNINGS@AV_AN_WAGE(1.0),Average annual wages,I,FRA,France,WG,Wages,USD_PPP,"US dollars, PPP converted",A,Annual,Q,Constant prices,MEAN,Mean,_Z,Not applicable,2025,,60483.173,,2025,,A,Normal value,0,Units,0,Zero
DATAFLOW,OECD.ELS.SAE:DSD_EARNINGS@AV_AN_WAGE(1.0),Average annual wages,I,DEU,Germany,WG,Wages,USD_PPP,"US dollars, PPP converted",A,Annual,Q,Constant prices,MEAN,Mean,_Z,Not applicable,2024,,74854.088,,2025,,A,Normal value,0,Units,0,Zero
DATAFLOW,OECD.ELS.SAE:DSD_EARNINGS@AV_AN_WAGE(1.0),Average annual wages,I,DEU,Germany,WG,Wages,USD_PPP,"US dollars, PPP converted",A,Annual,Q,Constant prices,MEAN,Mean,_Z,Not applicable,2025,,76284.517,,2025,,A,Normal value,0,Units,0,Zero
DATAFLOW,OECD.ELS.SAE:DSD_EARNINGS@AV_AN_WAGE(1.0),Average annual wages,I,GRC,Greece,WG,Wages,USD_PPP,"US dollars, PPP converted",A,Annual,Q,Constant prices,MEAN,Mean,_Z,Not applicable,2024,,32502.756,,2025,,A,Normal value,0,Units,0,Zero
DATAFLOW,OECD.ELS.SAE:DSD_EARNINGS@AV_AN_WAGE(1.0),Average annual wages,I,GRC,Greece,WG,Wages,USD_PPP,"US dollars, PPP converted",A,Annual,Q,Constant prices,MEAN,Mean,_Z,Not applicable,2025,,32412.152,,2025,,A,Normal value,0,Units,0,Zero
DATAFLOW,OECD.ELS.SAE:DSD_EARNINGS@AV_AN_WAGE(1.0),Average annual wages,I,HUN,Hungary,WG,Wages,USD_PPP,"US dollars, PPP converted",A,Annual,Q,Constant prices,MEAN,Mean,_Z,Not applicable,2024,,37852.184,,2025,,A,Normal value,0,Units,0,Zero
DATAFLOW,OECD.ELS.SAE:DSD_EARNINGS@AV_AN_WAGE(1.0),Average annual wages,I,HUN,Hungary,WG,Wages,USD_PPP,"US dollars, PPP converted",A,Annual,Q,Constant prices,MEAN,Mean,_Z,Not applicable,2025,,39144.852,,2025,,A,Normal value,0,Units,0,Zero
DATAFLOW,OECD.ELS.SAE:DSD_EARNINGS@AV_AN_WAGE(1.0),Average annual wages,I,ISL,Iceland,WG,Wages,USD_PPP,"US dollars, PPP converted",A,Annual,Q,Constant prices,MEAN,Mean,_Z,Not applicable,2024,,98804.92,,2025,,A,Normal value,0,Units,0,Zero
DATAFLOW,OECD.ELS.SAE:DSD_EARNINGS@AV_AN_WAGE(1.0),Average annual wages,I,ISL,Iceland,WG,Wages,USD_PPP,"US dollars, PPP converted",A,Annual,Q,Constant prices,MEAN,Mean,_Z,Not applicable,2025,,100605.43,,2025,,A,Normal value,0,Units,0,Zero
DATAFLOW,OECD.ELS.SAE:DSD_EARNINGS@AV_AN_WAGE(1.0),Average annual wages,I,IRL,Ireland,WG,Wages,USD_PPP,"US dollars, PPP converted",A,Annual,Q,Constant prices,MEAN,Mean,_Z,Not applicable,2024,,68849.165,,2025,,A,Normal value,0,Units,0,Zero
DATAFLOW,OECD.ELS.SAE:DSD_EARNINGS@AV_AN_WAGE(1.0),Average annual wages,I,IRL,Ireland,WG,Wages,USD_PPP,"US dollars, PPP converted",A,Annual,Q,Constant prices,MEAN,Mean,_Z,Not applicable,2025,,70112.825,,2025,,A,Normal value,0,Units,0,Zero
DATAFLOW,OECD.ELS.SAE:DSD_EARNINGS@AV_AN_WAGE(1.0),Average annual wages,I,ISR,Israel,WG,Wages,USD_PPP,"US dollars, PPP converted",A,Annual,Q,Constant prices,MEAN,Mean,_Z,Not applicable,2024,,57134.889,,2025,,A,Normal value,0,Units,0,Zero
DATAFLOW,OECD.ELS.SAE:DSD_EARNINGS@AV_AN_WAGE(1.0),Average annual wages,I,ISR,Israel,WG,Wages,USD_PPP,"US dollars, PPP converted",A,Annual,Q,Constant prices,MEAN,Mean,_Z,Not applicable,2025,,57425.877,,2025,,A,Normal value,0,Units,0,Zero
DATAFLOW,OECD.ELS.SAE:DSD_EARNINGS@AV_AN_WAGE(1.0),Average annual wages,I,ITA,Italy,WG,Wages,USD_PPP,"US dollars, PPP converted",A,Annual,Q,Constant prices,MEAN,Mean,_Z,Not applicable,2024,,53243.036,,2025,,A,Normal value,0,Units,0,Zero
DATAFLOW,OECD.ELS.SAE:DSD_EARNINGS@AV_AN_WAGE(1.0),Average annual wages,I,ITA,Italy,WG,Wages,USD_PPP,"US dollars, PPP converted",A,Annual,Q,Constant prices,MEAN,Mean,_Z,Not applicable,2025,,53864.157,,2025,,A,Normal value,0,Units,0,Zero
DATAFLOW,OECD.ELS.SAE:DSD_EARNINGS@AV_AN_WAGE(1.0),Average annual wages,I,JPN,Japan,WG,Wages,USD_PPP,"US dollars, PPP converted",A,Annual,Q,Constant prices,MEAN,Mean,_Z,Not applicable,2024,,50421.41,,2025,,A,Normal value,0,Units,0,Zero
DATAFLOW,OECD.ELS.SAE:DSD_EARNINGS@AV_AN_WAGE(1.0),Average annual wages,I,JPN,Japan,WG,Wages,USD_PPP,"US dollars, PPP converted",A,Annual,Q,Constant prices,MEAN,Mean,_Z,Not applicable,2025,,50182.646,,2025,,A,Normal value,0,Units,0,Zero
DATAFLOW,OECD.ELS.SAE:DSD_EARNINGS@AV_AN_WAGE(1.0),Average annual wages,I,KOR,Korea,WG,Wages,USD_PPP,"US dollars, PPP converted",A,Annual,Q,Constant prices,MEAN,Mean,_Z,Not applicable,2024,,60908.807,,2025,,A,Normal value,0,Units,0,Zero
DATAFLOW,OECD.ELS.SAE:DSD_EARNINGS@AV_AN_WAGE(1.0),Average annual wages,I,KOR,Korea,WG,Wages,USD_PPP,"US dollars, PPP converted",A,Annual,Q,Constant prices,MEAN,Mean,_Z,Not applicable,2025,,61259.161,,2025,,A,Normal value,0,Units,0,Zero
DATAFLOW,OECD.ELS.SAE:DSD_EARNINGS@AV_AN_WAGE(1.0),Average annual wages,I,LVA,Latvia,WG,Wages,USD_PPP,"US dollars, PPP converted",A,Annual,Q,Constant prices,MEAN,Mean,_Z,Not applicable,2024,,43265.355,,2025,,A,Normal value,0,Units,0,Zero
DATAFLOW,OECD.ELS.SAE:DSD_EARNINGS@AV_AN_WAGE(1.0),Average annual wages,I,LVA,Latvia,WG,Wages,USD_PPP,"US dollars, PPP converted",A,Annual,Q,Constant prices,MEAN,Mean,_Z,Not applicable,2025,,44708.836,,2025,,A,Normal value,0,Units,0,Zero
DATAFLOW,OECD.ELS.SAE:DSD_EARNINGS@AV_AN_WAGE(1.0),Average annual wages,I,LTU,Lithuania,WG,Wages,USD_PPP,"US dollars, PPP converted",A,Annual,Q,Constant prices,MEAN,Mean,_Z,Not applicable,2024,,54865.033,,2025,,A,Normal value,0,Units,0,Zero
DATAFLOW,OECD.ELS.SAE:DSD_EARNINGS@AV_AN_WAGE(1.0),Average annual wages,I,LTU,Lithuania,WG,Wages,USD_PPP,"US dollars, PPP converted",A,Annual,Q,Constant prices,MEAN,Mean,_Z,Not applicable,2025,,58111.602,,2025,,A,Normal value,0,Units,0,Zero
DATAFLOW,OECD.ELS.SAE:DSD_EARNINGS@AV_AN_WAGE(1.0),Average annual wages,I,LUX,Luxembourg,WG,Wages,USD_PPP,"US dollars, PPP converted",A,Annual,Q,Constant prices,MEAN,Mean,_Z,Not applicable,2024,,97462.05,,2025,,A,Normal value,0,Units,0,Zero
DATAFLOW,OECD.ELS.SAE:DSD_EARNINGS@AV_AN_WAGE(1.0),Average annual wages,I,LUX,Luxembourg,WG,Wages,USD_PPP,"US dollars, PPP converted",A,Annual,Q,Constant prices,MEAN,Mean,_Z,Not applicable,2025,,98529.748,,2025,,A,Normal value,0,Units,0,Zero
DATAFLOW,OECD.ELS.SAE:DSD_EARNINGS@AV_AN_WAGE(1.0),Average annual wages,I,MEX,Mexico,WG,Wages,USD_PPP,"US dollars, PPP converted",A,Annual,Q,Constant prices,MEAN,Mean,_Z,Not applicable,2024,,24139.675,,2025,,A,Normal value,0,Units,0,Zero
DATAFLOW,OECD.ELS.SAE:DSD_EARNINGS@AV_AN_WAGE(1.0),Average annual wages,I,MEX,Mexico,WG,Wages,USD_PPP,"US dollars, PPP converted",A,Annual,Q,Constant prices,MEAN,Mean,_Z,Not applicable,2025,,24463.122,,2025,,A,Normal value,0,Units,0,Zero
DATAFLOW,OECD.ELS.SAE:DSD_EARNINGS@AV_AN_WAGE(1.0),Average annual wages,I,NLD,Netherlands,WG,Wages,USD_PPP,"US dollars, PPP converted",A,Annual,Q,Constant prices,MEAN,Mean,_Z,Not applicable,2024,,78682.989,,2025,,A,Normal value,0,Units,0,Zero
DATAFLOW,OECD.ELS.SAE:DSD_EARNINGS@AV_AN_WAGE(1.0),Average annual wages,I,NLD,Netherlands,WG,Wages,USD_PPP,"US dollars, PPP converted",A,Annual,Q,Constant prices,MEAN,Mean,_Z,Not applicable,2025,,80136.33,,2025,,A,Normal value,0,Units,0,Zero
DATAFLOW,OECD.ELS.SAE:DSD_EARNINGS@AV_AN_WAGE(1.0),Average annual wages,I,NZL,New Zealand,WG,Wages,USD_PPP,"US dollars, PPP converted",A,Annual,Q,Constant prices,MEAN,Mean,_Z,Not applicable,2024,,60468.692,,2025,,A,Normal value,0,Units,0,Zero
DATAFLOW,OECD.ELS.SAE:DSD_EARNINGS@AV_AN_WAGE(1.0),Average annual wages,I,NZL,New Zealand,WG,Wages,USD_PPP,"US dollars, PPP converted",A,Annual,Q,Constant prices,MEAN,Mean,_Z,Not applicable,2025,,60896.229,,2025,,A,Normal value,0,Units,0,Zero
DATAFLOW,OECD.ELS.SAE:DSD_EARNINGS@AV_AN_WAGE(1.0),Average annual wages,I,NOR,Norway,WG,Wages,USD_PPP,"US dollars, PPP converted",A,Annual,Q,Constant prices,MEAN,Mean,_Z,Not applicable,2024,,72294.026,,2025,,A,Normal value,0,Units,0,Zero
DATAFLOW,OECD.ELS.SAE:DSD_EARNINGS@AV_AN_WAGE(1.0),Average annual wages,I,NOR,Norway,WG,Wages,USD_PPP,"US dollars, PPP converted",A,Annual,Q,Constant prices,MEAN,Mean,_Z,Not applicable,2025,,73461.545,,2025,,A,Normal value,0,Units,0,Zero
DATAFLOW,OECD.ELS.SAE:DSD_EARNINGS@AV_AN_WAGE(1.0),Average annual wages,I,POL,Poland,WG,Wages,USD_PPP,"US dollars, PPP converted",A,Annual,Q,Constant prices,MEAN,Mean,_Z,Not applicable,2024,,46916.197,,2025,,A,Normal value,0,Units,0,Zero
DATAFLOW,OECD.ELS.SAE:DSD_EARNINGS@AV_AN_WAGE(1.0),Average annual wages,I,POL,Poland,WG,Wages,USD_PPP,"US dollars, PPP converted",A,Annual,Q,Constant prices,MEAN,Mean,_Z,Not applicable,2025,,49074.08,,2025,,A,Normal value,0,Units,0,Zero
DATAFLOW,OECD.ELS.SAE:DSD_EARNINGS@AV_AN_WAGE(1.0),Average annual wages,I,PRT,Portugal,WG,Wages,USD_PPP,"US dollars, PPP converted",A,Annual,Q,Constant prices,MEAN,Mean,_Z,Not applicable,2024,,44144.449,,2025,,A,Normal value,0,Units,0,Zero
DATAFLOW,OECD.ELS.SAE:DSD_EARNINGS@AV_AN_WAGE(1.0),Average annual wages,I,PRT,Portugal,WG,Wages,USD_PPP,"US dollars, PPP converted",A,Annual,Q,Constant prices,MEAN,Mean,_Z,Not applicable,2025,,44937.011,,2025,,A,Normal value,0,Units,0,Zero
DATAFLOW,OECD.ELS.SAE:DSD_EARNINGS@AV_AN_WAGE(1.0),Average annual wages,I,SVK,Slovak Republic,WG,Wages,USD_PPP,"US dollars, PPP converted",A,Annual,Q,Constant prices,MEAN,Mean,_Z,Not applicable,2024,,37247.747,,2025,,A,Normal value,0,Units,0,Zero
DATAFLOW,OECD.ELS.SAE:DSD_EARNINGS@AV_AN_WAGE(1.0),Average annual wages,I,SVK,Slovak Republic,WG,Wages,USD_PPP,"US dollars, PPP converted",A,Annual,Q,Constant prices,MEAN,Mean,_Z,Not applicable,2025,,37831.713,,2025,,A,Normal value,0,Units,0,Zero
DATAFLOW,OECD.ELS.SAE:DSD_EARNINGS@AV_AN_WAGE(1.0),Average annual wages,I,SVN,Slovenia,WG,Wages,USD_PPP,"US dollars, PPP converted",A,Annual,Q,Constant prices,MEAN,Mean,_Z,Not applicable,2024,,60079.148,,2025,,A,Normal value,0,Units,0,Zero
DATAFLOW,OECD.ELS.SAE:DSD_EARNINGS@AV_AN_WAGE(1.0),Average annual wages,I,SVN,Slovenia,WG,Wages,USD_PPP,"US dollars, PPP converted",A,Annual,Q,Constant prices,MEAN,Mean,_Z,Not applicable,2025,,63375.61,,2025,,A,Normal value,0,Units,0,Zero
DATAFLOW,OECD.ELS.SAE:DSD_EARNINGS@AV_AN_WAGE(1.0),Average annual wages,I,ESP,Spain,WG,Wages,USD_PPP,"US dollars, PPP converted",A,Annual,Q,Constant prices,MEAN,Mean,_Z,Not applicable,2024,,57082.887,,2025,,A,Normal value,0,Units,0,Zero
DATAFLOW,OECD.ELS.SAE:DSD_EARNINGS@AV_AN_WAGE(1.0),Average annual wages,I,ESP,Spain,WG,Wages,USD_PPP,"US dollars, PPP converted",A,Annual,Q,Constant prices,MEAN,Mean,_Z,Not applicable,2025,,57778.662,,2025,,A,Normal value,0,Units,0,Zero
DATAFLOW,OECD.ELS.SAE:DSD_EARNINGS@AV_AN_WAGE(1.0),Average annual wages,I,SWE,Sweden,WG,Wages,USD_PPP,"US dollars, PPP converted",A,Annual,Q,Constant prices,MEAN,Mean,_Z,Not applicable,2024,,60905.178,,2025,,A,Normal value,0,Units,0,Zero
DATAFLOW,OECD.ELS.SAE:DSD_EARNINGS@AV_AN_WAGE(1.0),Average annual wages,I,SWE,Sweden,WG,Wages,USD_PPP,"US dollars, PPP converted",A,Annual,Q,Constant prices,MEAN,Mean,_Z,Not applicable,2025,,61443.422,,2025,,A,Normal value,0,Units,0,Zero
DATAFLOW,OECD.ELS.SAE:DSD_EARNINGS@AV_AN_WAGE(1.0),Average annual wages,I,CHE,Switzerland,WG,Wages,USD_PPP,"US dollars, PPP converted",A,Annual,Q,Constant prices,MEAN,Mean,_Z,Not applicable,2024,,92160.548,,2025,,A,Normal value,0,Units,0,Zero
DATAFLOW,OECD.ELS.SAE:DSD_EARNINGS@AV_AN_WAGE(1.0),Average annual wages,I,CHE,Switzerland,WG,Wages,USD_PPP,"US dollars, PPP converted",A,Annual,Q,Constant prices,MEAN,Mean,_Z,Not applicable,2025,,92285.059,,2025,,A,Normal value,0,Units,0,Zero
DATAFLOW,OECD.ELS.SAE:DSD_EARNINGS@AV_AN_WAGE(1.0),Average annual wages,I,TUR,Türkiye,WG,Wages,USD_PPP,"US dollars, PPP converted",A,Annual,Q,Constant prices,MEAN,Mean,_Z,Not applicable,2024,,57274.919,,2025,,A,Normal value,0,Units,0,Zero
DATAFLOW,OECD.ELS.SAE:DSD_EARNINGS@AV_AN_WAGE(1.0),Average annual wages,I,GBR,United Kingdom,WG,Wages,USD_PPP,"US dollars, PPP converted",A,Annual,Q,Constant prices,MEAN,Mean,_Z,Not applicable,2024,,65842.034,,2025,,A,Normal value,0,Units,0,Zero
DATAFLOW,OECD.ELS.SAE:DSD_EARNINGS@AV_AN_WAGE(1.0),Average annual wages,I,GBR,United Kingdom,WG,Wages,USD_PPP,"US dollars, PPP converted",A,Annual,Q,Constant prices,MEAN,Mean,_Z,Not applicable,2025,,66299.139,,2025,,A,Normal value,0,Units,0,Zero
DATAFLOW,OECD.ELS.SAE:DSD_EARNINGS@AV_AN_WAGE(1.0),Average annual wages,I,USA,United States,WG,Wages,USD_PPP,"US dollars, PPP converted",A,Annual,Q,Constant prices,MEAN,Mean,_Z,Not applicable,2024,,85546.027,,2025,,A,Normal value,0,Units,0,Zero
DATAFLOW,OECD.ELS.SAE:DSD_EARNINGS@AV_AN_WAGE(1.0),Average annual wages,I,USA,United States,WG,Wages,USD_PPP,"US dollars, PPP converted",A,Annual,Q,Constant prices,MEAN,Mean,_Z,Not applicable,2025,,86977.138,,2025,,A,Normal value,0,Units,0,Zero
DATAFLOW,OECD.ELS.SAE:DSD_EARNINGS@AV_AN_WAGE(1.0),Average annual wages,I,OECD,OECD,WG,Wages,USD_PPP,"US dollars, PPP converted",A,Annual,Q,Constant prices,MEAN,Mean,_Z,Not applicable,2024,,64045.717,,2025,,A,Normal value,0,Units,0,Zero
DATAFLOW,OECD.ELS.SAE:DSD_EARNINGS@AV_AN_WAGE(1.0),Average annual wages,I,OECD,OECD,WG,Wages,USD_PPP,"US dollars, PPP converted",A,Annual,Q,Constant prices,MEAN,Mean,_Z,Not applicable,2025,,64809.124,,2025,,A,Normal value,0,Units,0,Zero
DATAFLOW,OECD.ELS.SAE:DSD_EARNINGS@AV_AN_WAGE(1.0),Average annual wages,I,AUT,Austria,WG,Wages,EUR,Euro,A,Annual,Q,Constant prices,MEAN,Mean,_Z,Not applicable,2024,,58304.613,,2025,,A,Normal value,0,Units,0,Zero
DATAFLOW,OECD.ELS.SAE:DSD_EARNINGS@AV_AN_WAGE(1.0),Average annual wages,I,AUT,Austria,WG,Wages,EUR,Euro,A,Annual,Q,Constant prices,MEAN,Mean,_Z,Not applicable,2025,,58753.565,,2025,,A,Normal value,0,Units,0,Zero
DATAFLOW,OECD.ELS.SAE:DSD_EARNINGS@AV_AN_WAGE(1.0),Average annual wages,I,BEL,Belgium,WG,Wages,EUR,Euro,A,Annual,Q,Constant prices,MEAN,Mean,_Z,Not applicable,2024,,60671.105,,2025,,A,Normal value,0,Units,0,Zero
DATAFLOW,OECD.ELS.SAE:DSD_EARNINGS@AV_AN_WAGE(1.0),Average annual wages,I,BEL,Belgium,WG,Wages,EUR,Euro,A,Annual,Q,Constant prices,MEAN,Mean,_Z,Not applicable,2025,,61747.317,,2025,,A,Normal value,0,Units,0,Zero
DATAFLOW,OECD.ELS.SAE:DSD_EARNINGS@AV_AN_WAGE(1.0),Average annual wages,I,EST,Estonia,WG,Wages,EUR,Euro,A,Annual,Q,Constant prices,MEAN,Mean,_Z,Not applicable,2024,,27177.549,,2025,,A,Normal value,0,Units,0,Zero
DATAFLOW,OECD.ELS.SAE:DSD_EARNINGS@AV_AN_WAGE(1.0),Average annual wages,I,EST,Estonia,WG,Wages,EUR,Euro,A,Annual,Q,Constant prices,MEAN,Mean,_Z,Not applicable,2025,,27554.17,,2025,,A,Normal value,0,Units,0,Zero
DATAFLOW,OECD.ELS.SAE:DSD_EARNINGS@AV_AN_WAGE(1.0),Average annual wages,I,FIN,Finland,WG,Wages,EUR,Euro,A,Annual,Q,Constant prices,MEAN,Mean,_Z,Not applicable,2024,,50039.859,,2025,,A,Normal value,0,Units,0,Zero
DATAFLOW,OECD.ELS.SAE:DSD_EARNINGS@AV_AN_WAGE(1.0),Average annual wages,I,FIN,Finland,WG,Wages,EUR,Euro,A,Annual,Q,Constant prices,MEAN,Mean,_Z,Not applicable,2025,,50569.475,,2025,,A,Normal value,0,Units,0,Zero
DATAFLOW,OECD.ELS.SAE:DSD_EARNINGS@AV_AN_WAGE(1.0),Average annual wages,I,FRA,France,WG,Wages,EUR,Euro,A,Annual,Q,Constant prices,MEAN,Mean,_Z,Not applicable,2024,,43851.019,,2025,,A,Normal value,0,Units,0,Zero
DATAFLOW,OECD.ELS.SAE:DSD_EARNINGS@AV_AN_WAGE(1.0),Average annual wages,I,FRA,France,WG,Wages,EUR,Euro,A,Annual,Q,Constant prices,MEAN,Mean,_Z,Not applicable,2025,,44303.985,,2025,,A,Normal value,0,Units,0,Zero
DATAFLOW,OECD.ELS.SAE:DSD_EARNINGS@AV_AN_WAGE(1.0),Average annual wages,I,DEU,Germany,WG,Wages,EUR,Euro,A,Annual,Q,Constant prices,MEAN,Mean,_Z,Not applicable,2024,,53811.331,,2025,,A,Normal value,0,Units,0,Zero
DATAFLOW,OECD.ELS.SAE:DSD_EARNINGS@AV_AN_WAGE(1.0),Average annual wages,I,DEU,Germany,WG,Wages,EUR,Euro,A,Annual,Q,Constant prices,MEAN,Mean,_Z,Not applicable,2025,,54839.643,,2025,,A,Normal value,0,Units,0,Zero
DATAFLOW,OECD.ELS.SAE:DSD_EARNINGS@AV_AN_WAGE(1.0),Average annual wages,I,GRC,Greece,WG,Wages,EUR,Euro,A,Annual,Q,Constant prices,MEAN,Mean,_Z,Not applicable,2024,,18853.386,,2025,,A,Normal value,0,Units,0,Zero
DATAFLOW,OECD.ELS.SAE:DSD_EARNINGS@AV_AN_WAGE(1.0),Average annual wages,I,GRC,Greece,WG,Wages,EUR,Euro,A,Annual,Q,Constant prices,MEAN,Mean,_Z,Not applicable,2025,,18800.831,,2025,,A,Normal value,0,Units,0,Zero
DATAFLOW,OECD.ELS.SAE:DSD_EARNINGS@AV_AN_WAGE(1.0),Average annual wages,I,IRL,Ireland,WG,Wages,EUR,Euro,A,Annual,Q,Constant prices,MEAN,Mean,_Z,Not applicable,2024,,62237.097,,2025,,A,Normal value,0,Units,0,Zero
DATAFLOW,OECD.ELS.SAE:DSD_EARNINGS@AV_AN_WAGE(1.0),Average annual wages,I,IRL,Ireland,WG,Wages,EUR,Euro,A,Annual,Q,Constant prices,MEAN,Mean,_Z,Not applicable,2025,,63379.4,,2025,,A,Normal value,0,Units,0,Zero
DATAFLOW,OECD.ELS.SAE:DSD_EARNINGS@AV_AN_WAGE(1.0),Average annual wages,I,ITA,Italy,WG,Wages,EUR,Euro,A,Annual,Q,Constant prices,MEAN,Mean,_Z,Not applicable,2024,,34332.387,,2025,,A,Normal value,0,Units,0,Zero
DATAFLOW,OECD.ELS.SAE:DSD_EARNINGS@AV_AN_WAGE(1.0),Average annual wages,I,ITA,Italy,WG,Wages,EUR,Euro,A,Annual,Q,Constant prices,MEAN,Mean,_Z,Not applicable,2025,,34732.901,,2025,,A,Normal value,0,Units,0,Zero
DATAFLOW,OECD.ELS.SAE:DSD_EARNINGS@AV_AN_WAGE(1.0),Average annual wages,I,LVA,Latvia,WG,Wages,EUR,Euro,A,Annual,Q,Constant prices,MEAN,Mean,_Z,Not applicable,2024,,23887.884,,2025,,A,Normal value,0,Units,0,Zero
DATAFLOW,OECD.ELS.SAE:DSD_EARNINGS@AV_AN_WAGE(1.0),Average annual wages,I,LVA,Latvia,WG,Wages,EUR,Euro,A,Annual,Q,Constant prices,MEAN,Mean,_Z,Not applicable,2025,,24684.866,,2025,,A,Normal value,0,Units,0,Zero
DATAFLOW,OECD.ELS.SAE:DSD_EARNINGS@AV_AN_WAGE(1.0),Average annual wages,I,LTU,Lithuania,WG,Wages,EUR,Euro,A,Annual,Q,Constant prices,MEAN,Mean,_Z,Not applicable,2024,,30155.029,,2025,,A,Normal value,0,Units,0,Zero
DATAFLOW,OECD.ELS.SAE:DSD_EARNINGS@AV_AN_WAGE(1.0),Average annual wages,I,LTU,Lithuania,WG,Wages,EUR,Euro,A,Annual,Q,Constant prices,MEAN,Mean,_Z,Not applicable,2025,,31939.415,,2025,,A,Normal value,0,Units,0,Zero
DATAFLOW,OECD.ELS.SAE:DSD_EARNINGS@AV_AN_WAGE(1.0),Average annual wages,I,LUX,Luxembourg,WG,Wages,EUR,Euro,A,Annual,Q,Constant prices,MEAN,Mean,_Z,Not applicable,2024,,85084.565,,2025,,A,Normal value,0,Units,0,Zero
DATAFLOW,OECD.ELS.SAE:DSD_EARNINGS@AV_AN_WAGE(1.0),Average annual wages,I,LUX,Luxembourg,WG,Wages,EUR,Euro,A,Annual,Q,Constant prices,MEAN,Mean,_Z,Not applicable,2025,,86016.667,,2025,,A,Normal value,0,Units,0,Zero
DATAFLOW,OECD.ELS.SAE:DSD_EARNINGS@AV_AN_WAGE(1.0),Average annual wages,I,NLD,Netherlands,WG,Wages,EUR,Euro,A,Annual,Q,Constant prices,MEAN,Mean,_Z,Not applicable,2024,,60376.92,,2025,,A,Normal value,0,Units,0,Zero
DATAFLOW,OECD.ELS.SAE:DSD_EARNINGS@AV_AN_WAGE(1.0),Average annual wages,I,NLD,Netherlands,WG,Wages,EUR,Euro,A,Annual,Q,Constant prices,MEAN,Mean,_Z,Not applicable,2025,,61492.132,,2025,,A,Normal value,0,Units,0,Zero
DATAFLOW,OECD.ELS.SAE:DSD_EARNINGS@AV_AN_WAGE(1.0),Average annual wages,I,PRT,Portugal,WG,Wages,EUR,Euro,A,Annual,Q,Constant prices,MEAN,Mean,_Z,Not applicable,2024,,25370.389,,2025,,A,Normal value,0,Units,0,Zero
DATAFLOW,OECD.ELS.SAE:DSD_EARNINGS@AV_AN_WAGE(1.0),Average annual wages,I,PRT,Portugal,WG,Wages,EUR,Euro,A,Annual,Q,Constant prices,MEAN,Mean,_Z,Not applicable,2025,,25825.885,,2025,,A,Normal value,0,Units,0,Zero
DATAFLOW,OECD.ELS.SAE:DSD_EARNINGS@AV_AN_WAGE(1.0),Average annual wages,I,SVK,Slovak Republic,WG,Wages,EUR,Euro,A,Annual,Q,Constant prices,MEAN,Mean,_Z,Not applicable,2024,,21072.838,,2025,,A,Normal value,0,Units,0,Zero
DATAFLOW,OECD.ELS.SAE:DSD_EARNINGS@AV_AN_WAGE(1.0),Average annual wages,I,SVK,Slovak Republic,WG,Wages,EUR,Euro,A,Annual,Q,Constant prices,MEAN,Mean,_Z,Not applicable,2025,,21403.216,,2025,,A,Normal value,0,Units,0,Zero
DATAFLOW,OECD.ELS.SAE:DSD_EARNINGS@AV_AN_WAGE(1.0),Average annual wages,I,SVN,Slovenia,WG,Wages,EUR,Euro,A,Annual,Q,Constant prices,MEAN,Mean,_Z,Not applicable,2024,,35615.159,,2025,,A,Normal value,0,Units,0,Zero
DATAFLOW,OECD.ELS.SAE:DSD_EARNINGS@AV_AN_WAGE(1.0),Average annual wages,I,SVN,Slovenia,WG,Wages,EUR,Euro,A,Annual,Q,Constant prices,MEAN,Mean,_Z,Not applicable,2025,,37569.315,,2025,,A,Normal value,0,Units,0,Zero
DATAFLOW,OECD.ELS.SAE:DSD_EARNINGS@AV_AN_WAGE(1.0),Average annual wages,I,ESP,Spain,WG,Wages,EUR,Euro,A,Annual,Q,Constant prices,MEAN,Mean,_Z,Not applicable,2024,,34698.176,,2025,,A,Normal value,0,Units,0,Zero
DATAFLOW,OECD.ELS.SAE:DSD_EARNINGS@AV_AN_WAGE(1.0),Average annual wages,I,ESP,Spain,WG,Wages,EUR,Euro,A,Annual,Q,Constant prices,MEAN,Mean,_Z,Not applicable,2025,,35121.106,,2025,,A,Normal value,0,Units,0,Zero
DATAFLOW,OECD.ELS.SAE:DSD_EARNINGS@AV_AN_WAGE(1.0),Average annual wages,I,AUT,Austria,WG,Wages,EUR,Euro,A,Annual,V,Current prices,MEAN,Mean,_Z,Not applicable,2024,,56745.367,,,,A,Normal value,0,Units,0,Zero
DATAFLOW,OECD.ELS.SAE:DSD_EARNINGS@AV_AN_WAGE(1.0),Average annual wages,I,AUT,Austria,WG,Wages,EUR,Euro,A,Annual,V,Current prices,MEAN,Mean,_Z,Not applicable,2025,,58753.565,,,,A,Normal value,0,Units,0,Zero
DATAFLOW,OECD.ELS.SAE:DSD_EARNINGS@AV_AN_WAGE(1.0),Average annual wages,I,BEL,Belgium,WG,Wages,EUR,Euro,A,Annual,V,Current prices,MEAN,Mean,_Z,Not applicable,2024,,59327.036,,,,A,Normal value,0,Units,0,Zero
DATAFLOW,OECD.ELS.SAE:DSD_EARNINGS@AV_AN_WAGE(1.0),Average annual wages,I,BEL,Belgium,WG,Wages,EUR,Euro,A,Annual,V,Current prices,MEAN,Mean,_Z,Not applicable,2025,,61747.317,,,,A,Normal value,0,Units,0,Zero
DATAFLOW,OECD.ELS.SAE:DSD_EARNINGS@AV_AN_WAGE(1.0),Average annual wages,I,EST,Estonia,WG,Wages,EUR,Euro,A,Annual,V,Current prices,MEAN,Mean,_Z,Not applicable,2024,,26381.359,,,,A,Normal value,0,Units,0,Zero
DATAFLOW,OECD.ELS.SAE:DSD_EARNINGS@AV_AN_WAGE(1.0),Average annual wages,I,EST,Estonia,WG,Wages,EUR,Euro,A,Annual,V,Current prices,MEAN,Mean,_Z,Not applicable,2025,,27554.17,,,,A,Normal value,0,Units,0,Zero
DATAFLOW,OECD.ELS.SAE:DSD_EARNINGS@AV_AN_WAGE(1.0),Average annual wages,I,FIN,Finland,WG,Wages,EUR,Euro,A,Annual,V,Current prices,MEAN,Mean,_Z,Not applicable,2024,,49471.847,,,,A,Normal value,0,Units,0,Zero
DATAFLOW,OECD.ELS.SAE:DSD_EARNINGS@AV_AN_WAGE(1.0),Average annual wages,I,FIN,Finland,WG,Wages,EUR,Euro,A,Annual,V,Current prices,MEAN,Mean,_Z,Not applicable,2025,,50569.475,,,,A,Normal value,0,Units,0,Zero
DATAFLOW,OECD.ELS.SAE:DSD_EARNINGS@AV_AN_WAGE(1.0),Average annual wages,I,FRA,France,WG,Wages,EUR,Euro,A,Annual,V,Current prices,MEAN,Mean,_Z,Not applicable,2024,,43559.379,,,,A,Normal value,0,Units,0,Zero
DATAFLOW,OECD.ELS.SAE:DSD_EARNINGS@AV_AN_WAGE(1.0),Average annual wages,I,FRA,France,WG,Wages,EUR,Euro,A,Annual,V,Current prices,MEAN,Mean,_Z,Not applicable,2025,,44303.985,,,,A,Normal value,0,Units,0,Zero
DATAFLOW,OECD.ELS.SAE:DSD_EARNINGS@AV_AN_WAGE(1.0),Average annual wages,I,DEU,Germany,WG,Wages,EUR,Euro,A,Annual,V,Current prices,MEAN,Mean,_Z,Not applicable,2024,,52476.531,,,,A,Normal value,0,Units,0,Zero
DATAFLOW,OECD.ELS.SAE:DSD_EARNINGS@AV_AN_WAGE(1.0),Average annual wages,I,DEU,Germany,WG,Wages,EUR,Euro,A,Annual,V,Current prices,MEAN,Mean,_Z,Not applicable,2025,,54839.643,,,,A,Normal value,0,Units,0,Zero
DATAFLOW,OECD.ELS.SAE:DSD_EARNINGS@AV_AN_WAGE(1.0),Average annual wages,I,GRC,Greece,WG,Wages,EUR,Euro,A,Annual,V,Current prices,MEAN,Mean,_Z,Not applicable,2024,,18225.537,,,,A,Normal value,0,Units,0,Zero
DATAFLOW,OECD.ELS.SAE:DSD_EARNINGS@AV_AN_WAGE(1.0),Average annual wages,I,GRC,Greece,WG,Wages,EUR,Euro,A,Annual,V,Current prices,MEAN,Mean,_Z,Not applicable,2025,,18800.831,,,,A,Normal value,0,Units,0,Zero
DATAFLOW,OECD.ELS.SAE:DSD_EARNINGS@AV_AN_WAGE(1.0),Average annual wages,I,IRL,Ireland,WG,Wages,EUR,Euro,A,Annual,V,Current prices,MEAN,Mean,_Z,Not applicable,2024,,61306.354,,,,A,Normal value,0,Units,0,Zero
DATAFLOW,OECD.ELS.SAE:DSD_EARNINGS@AV_AN_WAGE(1.0),Average annual wages,I,IRL,Ireland,WG,Wages,EUR,Euro,A,Annual,V,Current prices,MEAN,Mean,_Z,Not applicable,2025,,63379.4,,,,A,Normal value,0,Units,0,Zero
DATAFLOW,OECD.ELS.SAE:DSD_EARNINGS@AV_AN_WAGE(1.0),Average annual wages,I,ITA,Italy,WG,Wages,EUR,Euro,A,Annual,V,Current prices,MEAN,Mean,_Z,Not applicable,2024,,33842.465,,,,A,Normal value,0,Units,0,Zero
DATAFLOW,OECD.ELS.SAE:DSD_EARNINGS@AV_AN_WAGE(1.0),Average annual wages,I,ITA,Italy,WG,Wages,EUR,Euro,A,Annual,V,Current prices,MEAN,Mean,_Z,Not applicable,2025,,34732.901,,,,A,Normal value,0,Units,0,Zero
DATAFLOW,OECD.ELS.SAE:DSD_EARNINGS@AV_AN_WAGE(1.0),Average annual wages,I,LVA,Latvia,WG,Wages,EUR,Euro,A,Annual,V,Current prices,MEAN,Mean,_Z,Not applicable,2024,,23052.696,,,,A,Normal value,0,Units,0,Zero
DATAFLOW,OECD.ELS.SAE:DSD_EARNINGS@AV_AN_WAGE(1.0),Average annual wages,I,LVA,Latvia,WG,Wages,EUR,Euro,A,Annual,V,Current prices,MEAN,Mean,_Z,Not applicable,2025,,24684.866,,,,A,Normal value,0,Units,0,Zero
DATAFLOW,OECD.ELS.SAE:DSD_EARNINGS@AV_AN_WAGE(1.0),Average annual wages,I,LTU,Lithuania,WG,Wages,EUR,Euro,A,Annual,V,Current prices,MEAN,Mean,_Z,Not applicable,2024,,29130.508,,,,A,Normal value,0,Units,0,Zero
DATAFLOW,OECD.ELS.SAE:DSD_EARNINGS@AV_AN_WAGE(1.0),Average annual wages,I,LTU,Lithuania,WG,Wages,EUR,Euro,A,Annual,V,Current prices,MEAN,Mean,_Z,Not applicable,2025,,31939.415,,,,A,Normal value,0,Units,0,Zero
DATAFLOW,OECD.ELS.SAE:DSD_EARNINGS@AV_AN_WAGE(1.0),Average annual wages,I,LUX,Luxembourg,WG,Wages,EUR,Euro,A,Annual,V,Current prices,MEAN,Mean,_Z,Not applicable,2024,,83294.011,,,,A,Normal value,0,Units,0,Zero
DATAFLOW,OECD.ELS.SAE:DSD_EARNINGS@AV_AN_WAGE(1.0),Average annual wages,I,LUX,Luxembourg,WG,Wages,EUR,Euro,A,Annual,V,Current prices,MEAN,Mean,_Z,Not applicable,2025,,86016.667,,,,A,Normal value,0,Units,0,Zero
DATAFLOW,OECD.ELS.SAE:DSD_EARNINGS@AV_AN_WAGE(1.0),Average annual wages,I,NLD,Netherlands,WG,Wages,EUR,Euro,A,Annual,V,Current prices,MEAN,Mean,_Z,Not applicable,2024,,58922.444,,,,A,Normal value,0,Units,0,Zero
DATAFLOW,OECD.ELS.SAE:DSD_EARNINGS@AV_AN_WAGE(1.0),Average annual wages,I,NLD,Netherlands,WG,Wages,EUR,Euro,A,Annual,V,Current prices,MEAN,Mean,_Z,Not applicable,2025,,61492.132,,,,A,Normal value,0,Units,0,Zero
DATAFLOW,OECD.ELS.SAE:DSD_EARNINGS@AV_AN_WAGE(1.0),Average annual wages,I,PRT,Portugal,WG,Wages,EUR,Euro,A,Annual,V,Current prices,MEAN,Mean,_Z,Not applicable,2024,,24748.542,,,,A,Normal value,0,Units,0,Zero
DATAFLOW,OECD.ELS.SAE:DSD_EARNINGS@AV_AN_WAGE(1.0),Average annual wages,I,PRT,Portugal,WG,Wages,EUR,Euro,A,Annual,V,Current prices,MEAN,Mean,_Z,Not applicable,2025,,25825.885,,,,A,Normal value,0,Units,0,Zero
DATAFLOW,OECD.ELS.SAE:DSD_EARNINGS@AV_AN_WAGE(1.0),Average annual wages,I,SVK,Slovak Republic,WG,Wages,EUR,Euro,A,Annual,V,Current prices,MEAN,Mean,_Z,Not applicable,2024,,20230.028,,,,A,Normal value,0,Units,0,Zero
DATAFLOW,OECD.ELS.SAE:DSD_EARNINGS@AV_AN_WAGE(1.0),Average annual wages,I,SVK,Slovak Republic,WG,Wages,EUR,Euro,A,Annual,V,Current prices,MEAN,Mean,_Z,Not applicable,2025,,21403.216,,,,A,Normal value,0,Units,0,Zero
DATAFLOW,OECD.ELS.SAE:DSD_EARNINGS@AV_AN_WAGE(1.0),Average annual wages,I,SVN,Slovenia,WG,Wages,EUR,Euro,A,Annual,V,Current prices,MEAN,Mean,_Z,Not applicable,2024,,35006.009,,,,A,Normal value,0,Units,0,Zero
DATAFLOW,OECD.ELS.SAE:DSD_EARNINGS@AV_AN_WAGE(1.0),Average annual wages,I,SVN,Slovenia,WG,Wages,EUR,Euro,A,Annual,V,Current prices,MEAN,Mean,_Z,Not applicable,2025,,37569.315,,,,A,Normal value,0,Units,0,Zero
DATAFLOW,OECD.ELS.SAE:DSD_EARNINGS@AV_AN_WAGE(1.0),Average annual wages,I,ESP,Spain,WG,Wages,EUR,Euro,A,Annual,V,Current prices,MEAN,Mean,_Z,Not applicable,2024,,33767.131,,,,A,Normal value,0,Units,0,Zero
DATAFLOW,OECD.ELS.SAE:DSD_EARNINGS@AV_AN_WAGE(1.0),Average annual wages,I,ESP,Spain,WG,Wages,EUR,Euro,A,Annual,V,Current prices,MEAN,Mean,_Z,Not applicable,2025,,35121.106,,,,A,Normal value,0,Units,0,Zero
DATAFLOW,OECD.ELS.SAE:DSD_EARNINGS@AV_AN_WAGE(1.0),Average annual wages,I,AUS,Australia,WG,Wages,AUD,Australian dollar,A,Annual,V,Current prices,MEAN,Mean,_Z,Not applicable,2024,,101160.92,,,,A,Normal value,0,Units,0,Zero
DATAFLOW,OECD.ELS.SAE:DSD_EARNINGS@AV_AN_WAGE(1.0),Average annual wages,I,AUS,Australia,WG,Wages,AUD,Australian dollar,A,Annual,V,Current prices,MEAN,Mean,_Z,Not applicable,2025,,105477.7,,,,A,Normal value,0,Units,0,Zero
DATAFLOW,OECD.ELS.SAE:DSD_EARNINGS@AV_AN_WAGE(1.0),Average annual wages,I,CAN,Canada,WG,Wages,CAD,Canadian dollar,A,Annual,V,Current prices,MEAN,Mean,_Z,Not applicable,2024,,83486.039,,,,A,Normal value,0,Units,0,Zero
DATAFLOW,OECD.ELS.SAE:DSD_EARNINGS@AV_AN_WAGE(1.0),Average annual wages,I,CAN,Canada,WG,Wages,CAD,Canadian dollar,A,Annual,V,Current prices,MEAN,Mean,_Z,Not applicable,2025,,85587.553,,,,A,Normal value,0,Units,0,Zero
DATAFLOW,OECD.ELS.SAE:DSD_EARNINGS@AV_AN_WAGE(1.0),Average annual wages,I,COL,Colombia,WG,Wages,COP,Colombian peso,A,Annual,V,Current prices,MEAN,Mean,_Z,Not applicable,2024,,47790272,,,,A,Normal value,0,Units,0,Zero
DATAFLOW,OECD.ELS.SAE:DSD_EARNINGS@AV_AN_WAGE(1.0),Average annual wages,I,CZE,Czechia,WG,Wages,CZK,Czech koruna,A,Annual,V,Current prices,MEAN,Mean,_Z,Not applicable,2024,,597223.46,,,,A,Normal value,0,Units,0,Zero
DATAFLOW,OECD.ELS.SAE:DSD_EARNINGS@AV_AN_WAGE(1.0),Average annual wages,I,CZE,Czechia,WG,Wages,CZK,Czech koruna,A,Annual,V,Current prices,MEAN,Mean,_Z,Not applicable,2025,,639180.87,,,,A,Normal value,0,Units,0,Zero
DATAFLOW,OECD.ELS.SAE:DSD_EARNINGS@AV_AN_WAGE(1.0),Average annual wages,I,DNK,Denmark,WG,Wages,DKK,Danish krone,A,Annual,V,Current prices,MEAN,Mean,_Z,Not applicable,2024,,526247.26,,,,A,Normal value,0,Units,0,Zero
DATAFLOW,OECD.ELS.SAE:DSD_EARNINGS@AV_AN_WAGE(1.0),Average annual wages,I,DNK,Denmark,WG,Wages,DKK,Danish krone,A,Annual,V,Current prices,MEAN,Mean,_Z,Not applicable,2025,,540515.74,,,,A,Normal value,0,Units,0,Zero
DATAFLOW,OECD.ELS.SAE:DSD_EARNINGS@AV_AN_WAGE(1.0),Average annual wages,I,HUN,Hungary,WG,Wages,HUF,Forint,A,Annual,V,Current prices,MEAN,Mean,_Z,Not applicable,2024,,7326363.9,,,,A,Normal value,0,Units,0,Zero
DATAFLOW,OECD.ELS.SAE:DSD_EARNINGS@AV_AN_WAGE(1.0),Average annual wages,I,HUN,Hungary,WG,Wages,HUF,Forint,A,Annual,V,Current prices,MEAN,Mean,_Z,Not applicable,2025,,8006716.8,,,,A,Normal value,0,Units,0,Zero
DATAFLOW,OECD.ELS.SAE:DSD_EARNINGS@AV_AN_WAGE(1.0),Average annual wages,I,ISL,Iceland,WG,Wages,ISK,Iceland krona,A,Annual,V,Current prices,MEAN,Mean,_Z,Not applicable,2024,,15697208,,,,A,Normal value,0,Units,0,Zero
DATAFLOW,OECD.ELS.SAE:DSD_EARNINGS@AV_AN_WAGE(1.0),Average annual wages,I,ISL,Iceland,WG,Wages,ISK,Iceland krona,A,Annual,V,Current prices,MEAN,Mean,_Z,Not applicable,2025,,16760757,,,,A,Normal value,0,Units,0,Zero
DATAFLOW,OECD.ELS.SAE:DSD_EARNINGS@AV_AN_WAGE(1.0),Average annual wages,I,ISR,Israel,WG,Wages,ILS,New Israeli sheqel,A,Annual,V,Current prices,MEAN,Mean,_Z,Not applicable,2024,,203990.33,,,,A,Normal value,0,Units,0,Zero
DATAFLOW,OECD.ELS.SAE:DSD_EARNINGS@AV_AN_WAGE(1.0),Average annual wages,I,ISR,Israel,WG,Wages,ILS,New Israeli sheqel,A,Annual,V,Current prices,MEAN,Mean,_Z,Not applicable,2025,,209935.17,,,,A,Normal value,0,Units,0,Zero
DATAFLOW,OECD.ELS.SAE:DSD_EARNINGS@AV_AN_WAGE(1.0),Average annual wages,I,JPN,Japan,WG,Wages,JPY,Yen,A,Annual,V,Current prices,MEAN,Mean,_Z,Not applicable,2024,,5062497.1,,,,A,Normal value,0,Units,0,Zero
DATAFLOW,OECD.ELS.SAE:DSD_EARNINGS@AV_AN_WAGE(1.0),Average annual wages,I,JPN,Japan,WG,Wages,JPY,Yen,A,Annual,V,Current prices,MEAN,Mean,_Z,Not applicable,2025,,5185703,,,,A,Normal value,0,Units,0,Zero
DATAFLOW,OECD.ELS.SAE:DSD_EARNINGS@AV_AN_WAGE(1.0),Average annual wages,I,KOR,Korea,WG,Wages,KRW,Won,A,Annual,V,Current prices,MEAN,Mean,_Z,Not applicable,2024,,52642946,,,,A,Normal value,0,Units,0,Zero
DATAFLOW,OECD.ELS.SAE:DSD_EARNINGS@AV_AN_WAGE(1.0),Average annual wages,I,KOR,Korea,WG,Wages,KRW,Won,A,Annual,V,Current prices,MEAN,Mean,_Z,Not applicable,2025,,53915741,,,,A,Normal value,0,Units,0,Zero
DATAFLOW,OECD.ELS.SAE:DSD_EARNINGS@AV_AN_WAGE(1.0),Average annual wages,I,MEX,Mexico,WG,Wages,MXN,Mexican peso,A,Annual,V,Current prices,MEAN,Mean,_Z,Not applicable,2024,,264032.69,,,,A,Normal value,0,Units,0,Zero
DATAFLOW,OECD.ELS.SAE:DSD_EARNINGS@AV_AN_WAGE(1.0),Average annual wages,I,MEX,Mexico,WG,Wages,MXN,Mexican peso,A,Annual,V,Current prices,MEAN,Mean,_Z,Not applicable,2025,,276648.01,,,,A,Normal value,0,Units,0,Zero
DATAFLOW,OECD.ELS.SAE:DSD_EARNINGS@AV_AN_WAGE(1.0),Average annual wages,I,NZL,New Zealand,WG,Wages,NZD,New Zealand dollar,A,Annual,V,Current prices,MEAN,Mean,_Z,Not applicable,2024,,90093.826,,,,A,Normal value,0,Units,0,Zero
DATAFLOW,OECD.ELS.SAE:DSD_EARNINGS@AV_AN_WAGE(1.0),Average annual wages,I,NZL,New Zealand,WG,Wages,NZD,New Zealand dollar,A,Annual,V,Current prices,MEAN,Mean,_Z,Not applicable,2025,,93115.631,,,,A,Normal value,0,Units,0,Zero
DATAFLOW,OECD.ELS.SAE:DSD_EARNINGS@AV_AN_WAGE(1.0),Average annual wages,I,NOR,Norway,WG,Wages,NOK,Norwegian krone,A,Annual,V,Current prices,MEAN,Mean,_Z,Not applicable,2024,,700176.38,,,,A,Normal value,0,Units,0,Zero
DATAFLOW,OECD.ELS.SAE:DSD_EARNINGS@AV_AN_WAGE(1.0),Average annual wages,I,NOR,Norway,WG,Wages,NOK,Norwegian krone,A,Annual,V,Current prices,MEAN,Mean,_Z,Not applicable,2025,,734712.49,,,,A,Normal value,0,Units,0,Zero
DATAFLOW,OECD.ELS.SAE:DSD_EARNINGS@AV_AN_WAGE(1.0),Average annual wages,I,POL,Poland,WG,Wages,PLN,Zloty,A,Annual,V,Current prices,MEAN,Mean,_Z,Not applicable,2024,,93227.563,,,,A,Normal value,0,Units,0,Zero
DATAFLOW,OECD.ELS.SAE:DSD_EARNINGS@AV_AN_WAGE(1.0),Average annual wages,I,POL,Poland,WG,Wages,PLN,Zloty,A,Annual,V,Current prices,MEAN,Mean,_Z,Not applicable,2025,,101247.58,,,,A,Normal value,0,Units,0,Zero
DATAFLOW,OECD.ELS.SAE:DSD_EARNINGS@AV_AN_WAGE(1.0),Average annual wages,I,SWE,Sweden,WG,Wages,SEK,Swedish krona,A,Annual,V,Current prices,MEAN,Mean,_Z,Not applicable,2024,,527269.47,,,,A,Normal value,0,Units,0,Zero
DATAFLOW,OECD.ELS.SAE:DSD_EARNINGS@AV_AN_WAGE(1.0),Average annual wages,I,SWE,Sweden,WG,Wages,SEK,Swedish krona,A,Annual,V,Current prices,MEAN,Mean,_Z,Not applicable,2025,,546170.89,,,,A,Normal value,0,Units,0,Zero
DATAFLOW,OECD.ELS.SAE:DSD_EARNINGS@AV_AN_WAGE(1.0),Average annual wages,I,CHE,Switzerland,WG,Wages,CHF,Swiss franc,A,Annual,V,Current prices,MEAN,Mean,_Z,Not applicable,2024,,97726.92,,,,A,Normal value,0,Units,0,Zero
DATAFLOW,OECD.ELS.SAE:DSD_EARNINGS@AV_AN_WAGE(1.0),Average annual wages,I,CHE,Switzerland,WG,Wages,CHF,Swiss franc,A,Annual,V,Current prices,MEAN,Mean,_Z,Not applicable,2025,,98333.791,,,,A,Normal value,0,Units,0,Zero
DATAFLOW,OECD.ELS.SAE:DSD_EARNINGS@AV_AN_WAGE(1.0),Average annual wages,I,TUR,Türkiye,WG,Wages,TRY,Turkish lira,A,Annual,V,Current prices,MEAN,Mean,_Z,Not applicable,2024,,742960.89,,,,A,Normal value,0,Units,0,Zero
DATAFLOW,OECD.ELS.SAE:DSD_EARNINGS@AV_AN_WAGE(1.0),Average annual wages,I,GBR,United Kingdom,WG,Wages,GBP,Pound sterling,A,Annual,V,Current prices,MEAN,Mean,_Z,Not applicable,2024,,44649.849,,,,A,Normal value,0,Units,0,Zero
DATAFLOW,OECD.ELS.SAE:DSD_EARNINGS@AV_AN_WAGE(1.0),Average annual wages,I,GBR,United Kingdom,WG,Wages,GBP,Pound sterling,A,Annual,V,Current prices,MEAN,Mean,_Z,Not applicable,2025,,46510.769,,,,A,Normal value,0,Units,0,Zero
DATAFLOW,OECD.ELS.SAE:DSD_EARNINGS@AV_AN_WAGE(1.0),Average annual wages,I,USA,United States,WG,Wages,USD,US dollar,A,Annual,V,Current prices,MEAN,Mean,_Z,Not applicable,2024,,83354.601,,,,A,Normal value,0,Units,0,Zero
DATAFLOW,OECD.ELS.SAE:DSD_EARNINGS@AV_AN_WAGE(1.0),Average annual wages,I,USA,United States,WG,Wages,USD,US dollar,A,Annual,V,Current prices,MEAN,Mean,_Z,Not applicable,2025,,86977.138,,,,A,Normal value,0,Units,0,Zero
DATAFLOW,OECD.ELS.SAE:DSD_EARNINGS@AV_AN_WAGE(1.0),Average annual wages,I,AUS,Australia,WG,Wages,AUD,Australian dollar,A,Annual,Q,Constant prices,MEAN,Mean,_Z,Not applicable,2024,,104335.02,,2025,,A,Normal value,0,Units,0,Zero
DATAFLOW,OECD.ELS.SAE:DSD_EARNINGS@AV_AN_WAGE(1.0),Average annual wages,I,AUS,Australia,WG,Wages,AUD,Australian dollar,A,Annual,Q,Constant prices,MEAN,Mean,_Z,Not applicable,2025,,105477.7,,2025,,A,Normal value,0,Units,0,Zero
DATAFLOW,OECD.ELS.SAE:DSD_EARNINGS@AV_AN_WAGE(1.0),Average annual wages,I,CAN,Canada,WG,Wages,CAD,Canadian dollar,A,Annual,Q,Constant prices,MEAN,Mean,_Z,Not applicable,2024,,85419.853,,2025,,A,Normal value,0,Units,0,Zero
DATAFLOW,OECD.ELS.SAE:DSD_EARNINGS@AV_AN_WAGE(1.0),Average annual wages,I,CAN,Canada,WG,Wages,CAD,Canadian dollar,A,Annual,Q,Constant prices,MEAN,Mean,_Z,Not applicable,2025,,85587.553,,2025,,A,Normal value,0,Units,0,Zero
DATAFLOW,OECD.ELS.SAE:DSD_EARNINGS@AV_AN_WAGE(1.0),Average annual wages,I,COL,Colombia,WG,Wages,COP,Colombian peso,A,Annual,Q,Constant prices,MEAN,Mean,_Z,Not applicable,2024,,50189913,,2025,,A,Normal value,0,Units,0,Zero
DATAFLOW,OECD.ELS.SAE:DSD_EARNINGS@AV_AN_WAGE(1.0),Average annual wages,I,CZE,Czechia,WG,Wages,CZK,Czech koruna,A,Annual,Q,Constant prices,MEAN,Mean,_Z,Not applicable,2024,,614944.64,,2025,,A,Normal value,0,Units,0,Zero
DATAFLOW,OECD.ELS.SAE:DSD_EARNINGS@AV_AN_WAGE(1.0),Average annual wages,I,CZE,Czechia,WG,Wages,CZK,Czech koruna,A,Annual,Q,Constant prices,MEAN,Mean,_Z,Not applicable,2025,,639180.87,,2025,,A,Normal value,0,Units,0,Zero
DATAFLOW,OECD.ELS.SAE:DSD_EARNINGS@AV_AN_WAGE(1.0),Average annual wages,I,DNK,Denmark,WG,Wages,DKK,Danish krone,A,Annual,Q,Constant prices,MEAN,Mean,_Z,Not applicable,2024,,539076.6,,2025,,A,Normal value,0,Units,0,Zero
DATAFLOW,OECD.ELS.SAE:DSD_EARNINGS@AV_AN_WAGE(1.0),Average annual wages,I,DNK,Denmark,WG,Wages,DKK,Danish krone,A,Annual,Q,Constant prices,MEAN,Mean,_Z,Not applicable,2025,,540515.74,,2025,,A,Normal value,0,Units,0,Zero
DATAFLOW,OECD.ELS.SAE:DSD_EARNINGS@AV_AN_WAGE(1.0),Average annual wages,I,HUN,Hungary,WG,Wages,HUF,Forint,A,Annual,Q,Constant prices,MEAN,Mean,_Z,Not applicable,2024,,7742313.5,,2025,,A,Normal value,0,Units,0,Zero
DATAFLOW,OECD.ELS.SAE:DSD_EARNINGS@AV_AN_WAGE(1.0),Average annual wages,I,HUN,Hungary,WG,Wages,HUF,Forint,A,Annual,Q,Constant prices,MEAN,Mean,_Z,Not applicable,2025,,8006716.8,,2025,,A,Normal value,0,Units,0,Zero
DATAFLOW,OECD.ELS.SAE:DSD_EARNINGS@AV_AN_WAGE(1.0),Average annual wages,I,ISL,Iceland,WG,Wages,ISK,Iceland krona,A,Annual,Q,Constant prices,MEAN,Mean,_Z,Not applicable,2024,,16460793,,2025,,A,Normal value,0,Units,0,Zero
DATAFLOW,OECD.ELS.SAE:DSD_EARNINGS@AV_AN_WAGE(1.0),Average annual wages,I,ISL,Iceland,WG,Wages,ISK,Iceland krona,A,Annual,Q,Constant prices,MEAN,Mean,_Z,Not applicable,2025,,16760757,,2025,,A,Normal value,0,Units,0,Zero
DATAFLOW,OECD.ELS.SAE:DSD_EARNINGS@AV_AN_WAGE(1.0),Average annual wages,I,ISR,Israel,WG,Wages,ILS,New Israeli sheqel,A,Annual,Q,Constant prices,MEAN,Mean,_Z,Not applicable,2024,,208871.39,,2025,,A,Normal value,0,Units,0,Zero
DATAFLOW,OECD.ELS.SAE:DSD_EARNINGS@AV_AN_WAGE(1.0),Average annual wages,I,ISR,Israel,WG,Wages,ILS,New Israeli sheqel,A,Annual,Q,Constant prices,MEAN,Mean,_Z,Not applicable,2025,,209935.17,,2025,,A,Normal value,0,Units,0,Zero
DATAFLOW,OECD.ELS.SAE:DSD_EARNINGS@AV_AN_WAGE(1.0),Average annual wages,I,JPN,Japan,WG,Wages,JPY,Yen,A,Annual,Q,Constant prices,MEAN,Mean,_Z,Not applicable,2024,,5210376.1,,2025,,A,Normal value,0,Units,0,Zero
DATAFLOW,OECD.ELS.SAE:DSD_EARNINGS@AV_AN_WAGE(1.0),Average annual wages,I,JPN,Japan,WG,Wages,JPY,Yen,A,Annual,Q,Constant prices,MEAN,Mean,_Z,Not applicable,2025,,5185703,,2025,,A,Normal value,0,Units,0,Zero
DATAFLOW,OECD.ELS.SAE:DSD_EARNINGS@AV_AN_WAGE(1.0),Average annual wages,I,KOR,Korea,WG,Wages,KRW,Won,A,Annual,Q,Constant prices,MEAN,Mean,_Z,Not applicable,2024,,53607385,,2025,,A,Normal value,0,Units,0,Zero
DATAFLOW,OECD.ELS.SAE:DSD_EARNINGS@AV_AN_WAGE(1.0),Average annual wages,I,KOR,Korea,WG,Wages,KRW,Won,A,Annual,Q,Constant prices,MEAN,Mean,_Z,Not applicable,2025,,53915741,,2025,,A,Normal value,0,Units,0,Zero
DATAFLOW,OECD.ELS.SAE:DSD_EARNINGS@AV_AN_WAGE(1.0),Average annual wages,I,MEX,Mexico,WG,Wages,MXN,Mexican peso,A,Annual,Q,Constant prices,MEAN,Mean,_Z,Not applicable,2024,,272990.22,,2025,,A,Normal value,0,Units,0,Zero
DATAFLOW,OECD.ELS.SAE:DSD_EARNINGS@AV_AN_WAGE(1.0),Average annual wages,I,MEX,Mexico,WG,Wages,MXN,Mexican peso,A,Annual,Q,Constant prices,MEAN,Mean,_Z,Not applicable,2025,,276648.01,,2025,,A,Normal value,0,Units,0,Zero
DATAFLOW,OECD.ELS.SAE:DSD_EARNINGS@AV_AN_WAGE(1.0),Average annual wages,I,NZL,New Zealand,WG,Wages,NZD,New Zealand dollar,A,Annual,Q,Constant prices,MEAN,Mean,_Z,Not applicable,2024,,92461.891,,2025,,A,Normal value,0,Units,0,Zero
DATAFLOW,OECD.ELS.SAE:DSD_EARNINGS@AV_AN_WAGE(1.0),Average annual wages,I,NZL,New Zealand,WG,Wages,NZD,New Zealand dollar,A,Annual,Q,Constant prices,MEAN,Mean,_Z,Not applicable,2025,,93115.631,,2025,,A,Normal value,0,Units,0,Zero
DATAFLOW,OECD.ELS.SAE:DSD_EARNINGS@AV_AN_WAGE(1.0),Average annual wages,I,NOR,Norway,WG,Wages,NOK,Norwegian krone,A,Annual,Q,Constant prices,MEAN,Mean,_Z,Not applicable,2024,,723035.76,,2025,,A,Normal value,0,Units,0,Zero
DATAFLOW,OECD.ELS.SAE:DSD_EARNINGS@AV_AN_WAGE(1.0),Average annual wages,I,NOR,Norway,WG,Wages,NOK,Norwegian krone,A,Annual,Q,Constant prices,MEAN,Mean,_Z,Not applicable,2025,,734712.49,,2025,,A,Normal value,0,Units,0,Zero
DATAFLOW,OECD.ELS.SAE:DSD_EARNINGS@AV_AN_WAGE(1.0),Average annual wages,I,POL,Poland,WG,Wages,PLN,Zloty,A,Annual,Q,Constant prices,MEAN,Mean,_Z,Not applicable,2024,,96795.527,,2025,,A,Normal value,0,Units,0,Zero
DATAFLOW,OECD.ELS.SAE:DSD_EARNINGS@AV_AN_WAGE(1.0),Average annual wages,I,POL,Poland,WG,Wages,PLN,Zloty,A,Annual,Q,Constant prices,MEAN,Mean,_Z,Not applicable,2025,,101247.58,,2025,,A,Normal value,0,Units,0,Zero
DATAFLOW,OECD.ELS.SAE:DSD_EARNINGS@AV_AN_WAGE(1.0),Average annual wages,I,SWE,Sweden,WG,Wages,SEK,Swedish krona,A,Annual,Q,Constant prices,MEAN,Mean,_Z,Not applicable,2024,,541386.43,,2025,,A,Normal value,0,Units,0,Zero
DATAFLOW,OECD.ELS.SAE:DSD_EARNINGS@AV_AN_WAGE(1.0),Average annual wages,I,SWE,Sweden,WG,Wages,SEK,Swedish krona,A,Annual,Q,Constant prices,MEAN,Mean,_Z,Not applicable,2025,,546170.89,,2025,,A,Normal value,0,Units,0,Zero
DATAFLOW,OECD.ELS.SAE:DSD_EARNINGS@AV_AN_WAGE(1.0),Average annual wages,I,CHE,Switzerland,WG,Wages,CHF,Swiss franc,A,Annual,Q,Constant prices,MEAN,Mean,_Z,Not applicable,2024,,98201.119,,2025,,A,Normal value,0,Units,0,Zero
DATAFLOW,OECD.ELS.SAE:DSD_EARNINGS@AV_AN_WAGE(1.0),Average annual wages,I,CHE,Switzerland,WG,Wages,CHF,Swiss franc,A,Annual,Q,Constant prices,MEAN,Mean,_Z,Not applicable,2025,,98333.791,,2025,,A,Normal value,0,Units,0,Zero
DATAFLOW,OECD.ELS.SAE:DSD_EARNINGS@AV_AN_WAGE(1.0),Average annual wages,I,TUR,Türkiye,WG,Wages,TRY,Turkish lira,A,Annual,Q,Constant prices,MEAN,Mean,_Z,Not applicable,2024,,1016308,,2025,,A,Normal value,0,Units,0,Zero
DATAFLOW,OECD.ELS.SAE:DSD_EARNINGS@AV_AN_WAGE(1.0),Average annual wages,I,GBR,United Kingdom,WG,Wages,GBP,Pound sterling,A,Annual,Q,Constant prices,MEAN,Mean,_Z,Not applicable,2024,,46190.097,,2025,,A,Normal value,0,Units,0,Zero
DATAFLOW,OECD.ELS.SAE:DSD_EARNINGS@AV_AN_WAGE(1.0),Average annual wages,I,GBR,United Kingdom,WG,Wages,GBP,Pound sterling,A,Annual,Q,Constant prices,MEAN,Mean,_Z,Not applicable,2025,,46510.769,,2025,,A,Normal value,0,Units,0,Zero
DATAFLOW,OECD.ELS.SAE:DSD_EARNINGS@AV_AN_WAGE(1.0),Average annual wages,I,USA,United States,WG,Wages,USD,US dollar,A,Annual,Q,Constant prices,MEAN,Mean,_Z,Not applicable,2024,,85546.027,,2025,,A,Normal value,0,Units,0,Zero
DATAFLOW,OECD.ELS.SAE:DSD_EARNINGS@AV_AN_WAGE(1.0),Average annual wages,I,USA,United States,WG,Wages,USD,US dollar,A,Annual,Q,Constant prices,MEAN,Mean,_Z,Not applicable,2025,,86977.138,,2025,,A,Normal value,0,Units,0,Zero
DATAFLOW,OECD.ELS.SAE:DSD_EARNINGS@AV_AN_WAGE(1.0),Average annual wages,I,BGR,Bulgaria,WG,Wages,BGN,Bulgarian lev,A,Annual,V,Current prices,MEAN,Mean,_Z,Not applicable,2024,,28138.92,,,,A,Normal value,0,Units,0,Zero
DATAFLOW,OECD.ELS.SAE:DSD_EARNINGS@AV_AN_WAGE(1.0),Average annual wages,I,ROU,Romania,WG,Wages,RON,Romanian leu,A,Annual,V,Current prices,MEAN,Mean,_Z,Not applicable,2024,,98201.92,,,,A,Normal value,0,Units,0,Zero
DATAFLOW,OECD.ELS.SAE:DSD_EARNINGS@AV_AN_WAGE(1.0),Average annual wages,I,BGR,Bulgaria,WG,Wages,BGN,Bulgarian lev,A,Annual,Q,Constant prices,MEAN,Mean,_Z,Not applicable,2024,,28300.464,,2025,,A,Normal value,0,Units,0,Zero
DATAFLOW,OECD.ELS.SAE:DSD_EARNINGS@AV_AN_WAGE(1.0),Average annual wages,I,ROU,Romania,WG,Wages,RON,Romanian leu,A,Annual,Q,Constant prices,MEAN,Mean,_Z,Not applicable,2024,,98385.077,,2025,,A,Normal value,0,Units,0,Zero
DATAFLOW,OECD.ELS.SAE:DSD_EARNINGS@AV_AN_WAGE(1.0),Average annual wages,I,HRV,Croatia,WG,Wages,EUR,Euro,A,Annual,Q,Constant prices,MEAN,Mean,_Z,Not applicable,2024,,23159.901,,2025,,A,Normal value,0,Units,0,Zero
DATAFLOW,OECD.ELS.SAE:DSD_EARNINGS@AV_AN_WAGE(1.0),Average annual wages,I,HRV,Croatia,WG,Wages,EUR,Euro,A,Annual,V,Current prices,MEAN,Mean,_Z,Not applicable,2024,,22879.727,,,,A,Normal value,0,Units,0,Zero
